Label,V1,V2,V3,V4,V5,V6,V7,V8,V9,V10,Majority?
P1,0,0,0,0,0,0,0,0,0,0,0
P2,0,0,0,0,0,0,0,0,0,1,0
P3,0,0,0,0,0,0,0,0,1,0,0
P4,0,0,0,0,0,0,0,0,1,1,0
P5,0,0,0,0,0,0,0,1,0,0,0
P6,0,0,0,0,0,0,0,1,0,1,0
P7,0,0,0,0,0,0,0,1,1,0,0
P8,0,0,0,0,0,0,0,1,1,1,0
P9,0,0,0,0,0,0,1,0,0,0,0
P10,0,0,0,0,0,0,1,0,0,1,0
P11,0,0,0,0,0,0,1,0,1,0,0
P12,0,0,0,0,0,0,1,0,1,1,0
P13,0,0,0,0,0,0,1,1,0,0,0
P14,0,0,0,0,0,0,1,1,0,1,0
P15,0,0,0,0,0,0,1,1,1,0,0
P16,0,0,0,0,0,0,1,1,1,1,0
P17,0,0,0,0,0,1,0,0,0,0,0
P18,0,0,0,0,0,1,0,0,0,1,0
P19,0,0,0,0,0,1,0,0,1,0,0
P20,0,0,0,0,0,1,0,0,1,1,0
P21,0,0,0,0,0,1,0,1,0,0,0
P22,0,0,0,0,0,1,0,1,0,1,0
P23,0,0,0,0,0,1,0,1,1,0,0
P24,0,0,0,0,0,1,0,1,1,1,0
P25,0,0,0,0,0,1,1,0,0,0,0
P26,0,0,0,0,0,1,1,0,0,1,0
P27,0,0,0,0,0,1,1,0,1,0,0
P28,0,0,0,0,0,1,1,0,1,1,0
P29,0,0,0,0,0,1,1,1,0,0,0
P30,0,0,0,0,0,1,1,1,0,1,0
P31,0,0,0,0,0,1,1,1,1,0,0
P32,0,0,0,0,0,1,1,1,1,1,1
P33,0,0,0,0,1,0,0,0,0,0,0
P34,0,0,0,0,1,0,0,0,0,1,0
P35,0,0,0,0,1,0,0,0,1,0,0
P36,0,0,0,0,1,0,0,0,1,1,0
P37,0,0,0,0,1,0,0,1,0,0,0
P38,0,0,0,0,1,0,0,1,0,1,0
P39,0,0,0,0,1,0,0,1,1,0,0
P40,0,0,0,0,1,0,0,1,1,1,0
P41,0,0,0,0,1,0,1,0,0,0,0
P42,0,0,0,0,1,0,1,0,0,1,0
P43,0,0,0,0,1,0,1,0,1,0,0
P44,0,0,0,0,1,0,1,0,1,1,0
P45,0,0,0,0,1,0,1,1,0,0,0
P46,0,0,0,0,1,0,1,1,0,1,0
P47,0,0,0,0,1,0,1,1,1,0,0
P48,0,0,0,0,1,0,1,1,1,1,1
P49,0,0,0,0,1,1,0,0,0,0,0
P50,0,0,0,0,1,1,0,0,0,1,0
P51,0,0,0,0,1,1,0,0,1,0,0
P52,0,0,0,0,1,1,0,0,1,1,0
P53,0,0,0,0,1,1,0,1,0,0,0
P54,0,0,0,0,1,1,0,1,0,1,0
P55,0,0,0,0,1,1,0,1,1,0,0
P56,0,0,0,0,1,1,0,1,1,1,1
P57,0,0,0,0,1,1,1,0,0,0,0
P58,0,0,0,0,1,1,1,0,0,1,0
P59,0,0,0,0,1,1,1,0,1,0,0
P60,0,0,0,0,1,1,1,0,1,1,1
P61,0,0,0,0,1,1,1,1,0,0,0
P62,0,0,0,0,1,1,1,1,0,1,1
P63,0,0,0,0,1,1,1,1,1,0,1
P64,0,0,0,0,1,1,1,1,1,1,1
P65,0,0,0,1,0,0,0,0,0,0,0
P66,0,0,0,1,0,0,0,0,0,1,0
P67,0,0,0,1,0,0,0,0,1,0,0
P68,0,0,0,1,0,0,0,0,1,1,0
P69,0,0,0,1,0,0,0,1,0,0,0
P70,0,0,0,1,0,0,0,1,0,1,0
P71,0,0,0,1,0,0,0,1,1,0,0
P72,0,0,0,1,0,0,0,1,1,1,0
P73,0,0,0,1,0,0,1,0,0,0,0
P74,0,0,0,1,0,0,1,0,0,1,0
P75,0,0,0,1,0,0,1,0,1,0,0
P76,0,0,0,1,0,0,1,0,1,1,0
P77,0,0,0,1,0,0,1,1,0,0,0
P78,0,0,0,1,0,0,1,1,0,1,0
P79,0,0,0,1,0,0,1,1,1,0,0
P80,0,0,0,1,0,0,1,1,1,1,1
P81,0,0,0,1,0,1,0,0,0,0,0
P82,0,0,0,1,0,1,0,0,0,1,0
P83,0,0,0,1,0,1,0,0,1,0,0
P84,0,0,0,1,0,1,0,0,1,1,0
P85,0,0,0,1,0,1,0,1,0,0,0
P86,0,0,0,1,0,1,0,1,0,1,0
P87,0,0,0,1,0,1,0,1,1,0,0
P88,0,0,0,1,0,1,0,1,1,1,1
P89,0,0,0,1,0,1,1,0,0,0,0
P90,0,0,0,1,0,1,1,0,0,1,0
P91,0,0,0,1,0,1,1,0,1,0,0
P92,0,0,0,1,0,1,1,0,1,1,1
P93,0,0,0,1,0,1,1,1,0,0,0
P94,0,0,0,1,0,1,1,1,0,1,1
P95,0,0,0,1,0,1,1,1,1,0,1
P96,0,0,0,1,0,1,1,1,1,1,1
P97,0,0,0,1,1,0,0,0,0,0,0
P98,0,0,0,1,1,0,0,0,0,1,0
P99,0,0,0,1,1,0,0,0,1,0,0
P100,0,0,0,1,1,0,0,0,1,1,0
P101,0,0,0,1,1,0,0,1,0,0,0
P102,0,0,0,1,1,0,0,1,0,1,0
P103,0,0,0,1,1,0,0,1,1,0,0
P104,0,0,0,1,1,0,0,1,1,1,1
P105,0,0,0,1,1,0,1,0,0,0,0
P106,0,0,0,1,1,0,1,0,0,1,0
P107,0,0,0,1,1,0,1,0,1,0,0
P108,0,0,0,1,1,0,1,0,1,1,1
P109,0,0,0,1,1,0,1,1,0,0,0
P110,0,0,0,1,1,0,1,1,0,1,1
P111,0,0,0,1,1,0,1,1,1,0,1
P112,0,0,0,1,1,0,1,1,1,1,1
P113,0,0,0,1,1,1,0,0,0,0,0
P114,0,0,0,1,1,1,0,0,0,1,0
P115,0,0,0,1,1,1,0,0,1,0,0
P116,0,0,0,1,1,1,0,0,1,1,1
P117,0,0,0,1,1,1,0,1,0,0,0
P118,0,0,0,1,1,1,0,1,0,1,1
P119,0,0,0,1,1,1,0,1,1,0,1
P120,0,0,0,1,1,1,0,1,1,1,1
P121,0,0,0,1,1,1,1,0,0,0,0
P122,0,0,0,1,1,1,1,0,0,1,1
P123,0,0,0,1,1,1,1,0,1,0,1
P124,0,0,0,1,1,1,1,0,1,1,1
P125,0,0,0,1,1,1,1,1,0,0,1
P126,0,0,0,1,1,1,1,1,0,1,1
P127,0,0,0,1,1,1,1,1,1,0,1
P128,0,0,0,1,1,1,1,1,1,1,1
P129,0,0,1,0,0,0,0,0,0,0,0
P130,0,0,1,0,0,0,0,0,0,1,0
P131,0,0,1,0,0,0,0,0,1,0,0
P132,0,0,1,0,0,0,0,0,1,1,0
P133,0,0,1,0,0,0,0,1,0,0,0
P134,0,0,1,0,0,0,0,1,0,1,0
P135,0,0,1,0,0,0,0,1,1,0,0
P136,0,0,1,0,0,0,0,1,1,1,0
P137,0,0,1,0,0,0,1,0,0,0,0
P138,0,0,1,0,0,0,1,0,0,1,0
P139,0,0,1,0,0,0,1,0,1,0,0
P140,0,0,1,0,0,0,1,0,1,1,0
P141,0,0,1,0,0,0,1,1,0,0,0
P142,0,0,1,0,0,0,1,1,0,1,0
P143,0,0,1,0,0,0,1,1,1,0,0
P144,0,0,1,0,0,0,1,1,1,1,1
P145,0,0,1,0,0,1,0,0,0,0,0
P146,0,0,1,0,0,1,0,0,0,1,0
P147,0,0,1,0,0,1,0,0,1,0,0
P148,0,0,1,0,0,1,0,0,1,1,0
P149,0,0,1,0,0,1,0,1,0,0,0
P150,0,0,1,0,0,1,0,1,0,1,0
P151,0,0,1,0,0,1,0,1,1,0,0
P152,0,0,1,0,0,1,0,1,1,1,1
P153,0,0,1,0,0,1,1,0,0,0,0
P154,0,0,1,0,0,1,1,0,0,1,0
P155,0,0,1,0,0,1,1,0,1,0,0
P156,0,0,1,0,0,1,1,0,1,1,1
P157,0,0,1,0,0,1,1,1,0,0,0
P158,0,0,1,0,0,1,1,1,0,1,1
P159,0,0,1,0,0,1,1,1,1,0,1
P160,0,0,1,0,0,1,1,1,1,1,1
P161,0,0,1,0,1,0,0,0,0,0,0
P162,0,0,1,0,1,0,0,0,0,1,0
P163,0,0,1,0,1,0,0,0,1,0,0
P164,0,0,1,0,1,0,0,0,1,1,0
P165,0,0,1,0,1,0,0,1,0,0,0
P166,0,0,1,0,1,0,0,1,0,1,0
P167,0,0,1,0,1,0,0,1,1,0,0
P168,0,0,1,0,1,0,0,1,1,1,1
P169,0,0,1,0,1,0,1,0,0,0,0
P170,0,0,1,0,1,0,1,0,0,1,0
P171,0,0,1,0,1,0,1,0,1,0,0
P172,0,0,1,0,1,0,1,0,1,1,1
P173,0,0,1,0,1,0,1,1,0,0,0
P174,0,0,1,0,1,0,1,1,0,1,1
P175,0,0,1,0,1,0,1,1,1,0,1
P176,0,0,1,0,1,0,1,1,1,1,1
P177,0,0,1,0,1,1,0,0,0,0,0
P178,0,0,1,0,1,1,0,0,0,1,0
P179,0,0,1,0,1,1,0,0,1,0,0
P180,0,0,1,0,1,1,0,0,1,1,1
P181,0,0,1,0,1,1,0,1,0,0,0
P182,0,0,1,0,1,1,0,1,0,1,1
P183,0,0,1,0,1,1,0,1,1,0,1
P184,0,0,1,0,1,1,0,1,1,1,1
P185,0,0,1,0,1,1,1,0,0,0,0
P186,0,0,1,0,1,1,1,0,0,1,1
P187,0,0,1,0,1,1,1,0,1,0,1
P188,0,0,1,0,1,1,1,0,1,1,1
P189,0,0,1,0,1,1,1,1,0,0,1
P190,0,0,1,0,1,1,1,1,0,1,1
P191,0,0,1,0,1,1,1,1,1,0,1
P192,0,0,1,0,1,1,1,1,1,1,1
P193,0,0,1,1,0,0,0,0,0,0,0
P194,0,0,1,1,0,0,0,0,0,1,0
P195,0,0,1,1,0,0,0,0,1,0,0
P196,0,0,1,1,0,0,0,0,1,1,0
P197,0,0,1,1,0,0,0,1,0,0,0
P198,0,0,1,1,0,0,0,1,0,1,0
P199,0,0,1,1,0,0,0,1,1,0,0
P200,0,0,1,1,0,0,0,1,1,1,1
P201,0,0,1,1,0,0,1,0,0,0,0
P202,0,0,1,1,0,0,1,0,0,1,0
P203,0,0,1,1,0,0,1,0,1,0,0
P204,0,0,1,1,0,0,1,0,1,1,1
P205,0,0,1,1,0,0,1,1,0,0,0
P206,0,0,1,1,0,0,1,1,0,1,1
P207,0,0,1,1,0,0,1,1,1,0,1
P208,0,0,1,1,0,0,1,1,1,1,1
P209,0,0,1,1,0,1,0,0,0,0,0
P210,0,0,1,1,0,1,0,0,0,1,0
P211,0,0,1,1,0,1,0,0,1,0,0
P212,0,0,1,1,0,1,0,0,1,1,1
P213,0,0,1,1,0,1,0,1,0,0,0
P214,0,0,1,1,0,1,0,1,0,1,1
P215,0,0,1,1,0,1,0,1,1,0,1
P216,0,0,1,1,0,1,0,1,1,1,1
P217,0,0,1,1,0,1,1,0,0,0,0
P218,0,0,1,1,0,1,1,0,0,1,1
P219,0,0,1,1,0,1,1,0,1,0,1
P220,0,0,1,1,0,1,1,0,1,1,1
P221,0,0,1,1,0,1,1,1,0,0,1
P222,0,0,1,1,0,1,1,1,0,1,1
P223,0,0,1,1,0,1,1,1,1,0,1
P224,0,0,1,1,0,1,1,1,1,1,1
P225,0,0,1,1,1,0,0,0,0,0,0
P226,0,0,1,1,1,0,0,0,0,1,0
P227,0,0,1,1,1,0,0,0,1,0,0
P228,0,0,1,1,1,0,0,0,1,1,1
P229,0,0,1,1,1,0,0,1,0,0,0
P230,0,0,1,1,1,0,0,1,0,1,1
P231,0,0,1,1,1,0,0,1,1,0,1
P232,0,0,1,1,1,0,0,1,1,1,1
P233,0,0,1,1,1,0,1,0,0,0,0
P234,0,0,1,1,1,0,1,0,0,1,1
P235,0,0,1,1,1,0,1,0,1,0,1
P236,0,0,1,1,1,0,1,0,1,1,1
P237,0,0,1,1,1,0,1,1,0,0,1
P238,0,0,1,1,1,0,1,1,0,1,1
P239,0,0,1,1,1,0,1,1,1,0,1
P240,0,0,1,1,1,0,1,1,1,1,1
P241,0,0,1,1,1,1,0,0,0,0,0
P242,0,0,1,1,1,1,0,0,0,1,1
P243,0,0,1,1,1,1,0,0,1,0,1
P244,0,0,1,1,1,1,0,0,1,1,1
P245,0,0,1,1,1,1,0,1,0,0,1
P246,0,0,1,1,1,1,0,1,0,1,1
P247,0,0,1,1,1,1,0,1,1,0,1
P248,0,0,1,1,1,1,0,1,1,1,1
P249,0,0,1,1,1,1,1,0,0,0,1
P250,0,0,1,1,1,1,1,0,0,1,1
P251,0,0,1,1,1,1,1,0,1,0,1
P252,0,0,1,1,1,1,1,0,1,1,1
P253,0,0,1,1,1,1,1,1,0,0,1
P254,0,0,1,1,1,1,1,1,0,1,1
P255,0,0,1,1,1,1,1,1,1,0,1
P256,0,0,1,1,1,1,1,1,1,1,1
P257,0,1,0,0,0,0,0,0,0,0,0
P258,0,1,0,0,0,0,0,0,0,1,0
P259,0,1,0,0,0,0,0,0,1,0,0
P260,0,1,0,0,0,0,0,0,1,1,0
P261,0,1,0,0,0,0,0,1,0,0,0
P262,0,1,0,0,0,0,0,1,0,1,0
P263,0,1,0,0,0,0,0,1,1,0,0
P264,0,1,0,0,0,0,0,1,1,1,0
P265,0,1,0,0,0,0,1,0,0,0,0
P266,0,1,0,0,0,0,1,0,0,1,0
P267,0,1,0,0,0,0,1,0,1,0,0
P268,0,1,0,0,0,0,1,0,1,1,0
P269,0,1,0,0,0,0,1,1,0,0,0
P270,0,1,0,0,0,0,1,1,0,1,0
P271,0,1,0,0,0,0,1,1,1,0,0
P272,0,1,0,0,0,0,1,1,1,1,1
P273,0,1,0,0,0,1,0,0,0,0,0
P274,0,1,0,0,0,1,0,0,0,1,0
P275,0,1,0,0,0,1,0,0,1,0,0
P276,0,1,0,0,0,1,0,0,1,1,0
P277,0,1,0,0,0,1,0,1,0,0,0
P278,0,1,0,0,0,1,0,1,0,1,0
P279,0,1,0,0,0,1,0,1,1,0,0
P280,0,1,0,0,0,1,0,1,1,1,1
P281,0,1,0,0,0,1,1,0,0,0,0
P282,0,1,0,0,0,1,1,0,0,1,0
P283,0,1,0,0,0,1,1,0,1,0,0
P284,0,1,0,0,0,1,1,0,1,1,1
P285,0,1,0,0,0,1,1,1,0,0,0
P286,0,1,0,0,0,1,1,1,0,1,1
P287,0,1,0,0,0,1,1,1,1,0,1
P288,0,1,0,0,0,1,1,1,1,1,1
P289,0,1,0,0,1,0,0,0,0,0,0
P290,0,1,0,0,1,0,0,0,0,1,0
P291,0,1,0,0,1,0,0,0,1,0,0
P292,0,1,0,0,1,0,0,0,1,1,0
P293,0,1,0,0,1,0,0,1,0,0,0
P294,0,1,0,0,1,0,0,1,0,1,0
P295,0,1,0,0,1,0,0,1,1,0,0
P296,0,1,0,0,1,0,0,1,1,1,1
P297,0,1,0,0,1,0,1,0,0,0,0
P298,0,1,0,0,1,0,1,0,0,1,0
P299,0,1,0,0,1,0,1,0,1,0,0
P300,0,1,0,0,1,0,1,0,1,1,1
P301,0,1,0,0,1,0,1,1,0,0,0
P302,0,1,0,0,1,0,1,1,0,1,1
P303,0,1,0,0,1,0,1,1,1,0,1
P304,0,1,0,0,1,0,1,1,1,1,1
P305,0,1,0,0,1,1,0,0,0,0,0
P306,0,1,0,0,1,1,0,0,0,1,0
P307,0,1,0,0,1,1,0,0,1,0,0
P308,0,1,0,0,1,1,0,0,1,1,1
P309,0,1,0,0,1,1,0,1,0,0,0
P310,0,1,0,0,1,1,0,1,0,1,1
P311,0,1,0,0,1,1,0,1,1,0,1
P312,0,1,0,0,1,1,0,1,1,1,1
P313,0,1,0,0,1,1,1,0,0,0,0
P314,0,1,0,0,1,1,1,0,0,1,1
P315,0,1,0,0,1,1,1,0,1,0,1
P316,0,1,0,0,1,1,1,0,1,1,1
P317,0,1,0,0,1,1,1,1,0,0,1
P318,0,1,0,0,1,1,1,1,0,1,1
P319,0,1,0,0,1,1,1,1,1,0,1
P320,0,1,0,0,1,1,1,1,1,1,1
P321,0,1,0,1,0,0,0,0,0,0,0
P322,0,1,0,1,0,0,0,0,0,1,0
P323,0,1,0,1,0,0,0,0,1,0,0
P324,0,1,0,1,0,0,0,0,1,1,0
P325,0,1,0,1,0,0,0,1,0,0,0
P326,0,1,0,1,0,0,0,1,0,1,0
P327,0,1,0,1,0,0,0,1,1,0,0
P328,0,1,0,1,0,0,0,1,1,1,1
P329,0,1,0,1,0,0,1,0,0,0,0
P330,0,1,0,1,0,0,1,0,0,1,0
P331,0,1,0,1,0,0,1,0,1,0,0
P332,0,1,0,1,0,0,1,0,1,1,1
P333,0,1,0,1,0,0,1,1,0,0,0
P334,0,1,0,1,0,0,1,1,0,1,1
P335,0,1,0,1,0,0,1,1,1,0,1
P336,0,1,0,1,0,0,1,1,1,1,1
P337,0,1,0,1,0,1,0,0,0,0,0
P338,0,1,0,1,0,1,0,0,0,1,0
P339,0,1,0,1,0,1,0,0,1,0,0
P340,0,1,0,1,0,1,0,0,1,1,1
P341,0,1,0,1,0,1,0,1,0,0,0
P342,0,1,0,1,0,1,0,1,0,1,1
P343,0,1,0,1,0,1,0,1,1,0,1
P344,0,1,0,1,0,1,0,1,1,1,1
P345,0,1,0,1,0,1,1,0,0,0,0
P346,0,1,0,1,0,1,1,0,0,1,1
P347,0,1,0,1,0,1,1,0,1,0,1
P348,0,1,0,1,0,1,1,0,1,1,1
P349,0,1,0,1,0,1,1,1,0,0,1
P350,0,1,0,1,0,1,1,1,0,1,1
P351,0,1,0,1,0,1,1,1,1,0,1
P352,0,1,0,1,0,1,1,1,1,1,1
P353,0,1,0,1,1,0,0,0,0,0,0
P354,0,1,0,1,1,0,0,0,0,1,0
P355,0,1,0,1,1,0,0,0,1,0,0
P356,0,1,0,1,1,0,0,0,1,1,1
P357,0,1,0,1,1,0,0,1,0,0,0
P358,0,1,0,1,1,0,0,1,0,1,1
P359,0,1,0,1,1,0,0,1,1,0,1
P360,0,1,0,1,1,0,0,1,1,1,1
P361,0,1,0,1,1,0,1,0,0,0,0
P362,0,1,0,1,1,0,1,0,0,1,1
P363,0,1,0,1,1,0,1,0,1,0,1
P364,0,1,0,1,1,0,1,0,1,1,1
P365,0,1,0,1,1,0,1,1,0,0,1
P366,0,1,0,1,1,0,1,1,0,1,1
P367,0,1,0,1,1,0,1,1,1,0,1
P368,0,1,0,1,1,0,1,1,1,1,1
P369,0,1,0,1,1,1,0,0,0,0,0
P370,0,1,0,1,1,1,0,0,0,1,1
P371,0,1,0,1,1,1,0,0,1,0,1
P372,0,1,0,1,1,1,0,0,1,1,1
P373,0,1,0,1,1,1,0,1,0,0,1
P374,0,1,0,1,1,1,0,1,0,1,1
P375,0,1,0,1,1,1,0,1,1,0,1
P376,0,1,0,1,1,1,0,1,1,1,1
P377,0,1,0,1,1,1,1,0,0,0,1
P378,0,1,0,1,1,1,1,0,0,1,1
P379,0,1,0,1,1,1,1,0,1,0,1
P380,0,1,0,1,1,1,1,0,1,1,1
P381,0,1,0,1,1,1,1,1,0,0,1
P382,0,1,0,1,1,1,1,1,0,1,1
P383,0,1,0,1,1,1,1,1,1,0,1
P384,0,1,0,1,1,1,1,1,1,1,1
P385,0,1,1,0,0,0,0,0,0,0,0
P386,0,1,1,0,0,0,0,0,0,1,0
P387,0,1,1,0,0,0,0,0,1,0,0
P388,0,1,1,0,0,0,0,0,1,1,0
P389,0,1,1,0,0,0,0,1,0,0,0
P390,0,1,1,0,0,0,0,1,0,1,0
P391,0,1,1,0,0,0,0,1,1,0,0
P392,0,1,1,0,0,0,0,1,1,1,1
P393,0,1,1,0,0,0,1,0,0,0,0
P394,0,1,1,0,0,0,1,0,0,1,0
P395,0,1,1,0,0,0,1,0,1,0,0
P396,0,1,1,0,0,0,1,0,1,1,1
P397,0,1,1,0,0,0,1,1,0,0,0
P398,0,1,1,0,0,0,1,1,0,1,1
P399,0,1,1,0,0,0,1,1,1,0,1
P400,0,1,1,0,0,0,1,1,1,1,1
P401,0,1,1,0,0,1,0,0,0,0,0
P402,0,1,1,0,0,1,0,0,0,1,0
P403,0,1,1,0,0,1,0,0,1,0,0
P404,0,1,1,0,0,1,0,0,1,1,1
P405,0,1,1,0,0,1,0,1,0,0,0
P406,0,1,1,0,0,1,0,1,0,1,1
P407,0,1,1,0,0,1,0,1,1,0,1
P408,0,1,1,0,0,1,0,1,1,1,1
P409,0,1,1,0,0,1,1,0,0,0,0
P410,0,1,1,0,0,1,1,0,0,1,1
P411,0,1,1,0,0,1,1,0,1,0,1
P412,0,1,1,0,0,1,1,0,1,1,1
P413,0,1,1,0,0,1,1,1,0,0,1
P414,0,1,1,0,0,1,1,1,0,1,1
P415,0,1,1,0,0,1,1,1,1,0,1
P416,0,1,1,0,0,1,1,1,1,1,1
P417,0,1,1,0,1,0,0,0,0,0,0
P418,0,1,1,0,1,0,0,0,0,1,0
P419,0,1,1,0,1,0,0,0,1,0,0
P420,0,1,1,0,1,0,0,0,1,1,1
P421,0,1,1,0,1,0,0,1,0,0,0
P422,0,1,1,0,1,0,0,1,0,1,1
P423,0,1,1,0,1,0,0,1,1,0,1
P424,0,1,1,0,1,0,0,1,1,1,1
P425,0,1,1,0,1,0,1,0,0,0,0
P426,0,1,1,0,1,0,1,0,0,1,1
P427,0,1,1,0,1,0,1,0,1,0,1
P428,0,1,1,0,1,0,1,0,1,1,1
P429,0,1,1,0,1,0,1,1,0,0,1
P430,0,1,1,0,1,0,1,1,0,1,1
P431,0,1,1,0,1,0,1,1,1,0,1
P432,0,1,1,0,1,0,1,1,1,1,1
P433,0,1,1,0,1,1,0,0,0,0,0
P434,0,1,1,0,1,1,0,0,0,1,1
P435,0,1,1,0,1,1,0,0,1,0,1
P436,0,1,1,0,1,1,0,0,1,1,1
P437,0,1,1,0,1,1,0,1,0,0,1
P438,0,1,1,0,1,1,0,1,0,1,1
P439,0,1,1,0,1,1,0,1,1,0,1
P440,0,1,1,0,1,1,0,1,1,1,1
P441,0,1,1,0,1,1,1,0,0,0,1
P442,0,1,1,0,1,1,1,0,0,1,1
P443,0,1,1,0,1,1,1,0,1,0,1
P444,0,1,1,0,1,1,1,0,1,1,1
P445,0,1,1,0,1,1,1,1,0,0,1
P446,0,1,1,0,1,1,1,1,0,1,1
P447,0,1,1,0,1,1,1,1,1,0,1
P448,0,1,1,0,1,1,1,1,1,1,1
P449,0,1,1,1,0,0,0,0,0,0,0
P450,0,1,1,1,0,0,0,0,0,1,0
P451,0,1,1,1,0,0,0,0,1,0,0
P452,0,1,1,1,0,0,0,0,1,1,1
P453,0,1,1,1,0,0,0,1,0,0,0
P454,0,1,1,1,0,0,0,1,0,1,1
P455,0,1,1,1,0,0,0,1,1,0,1
P456,0,1,1,1,0,0,0,1,1,1,1
P457,0,1,1,1,0,0,1,0,0,0,0
P458,0,1,1,1,0,0,1,0,0,1,1
P459,0,1,1,1,0,0,1,0,1,0,1
P460,0,1,1,1,0,0,1,0,1,1,1
P461,0,1,1,1,0,0,1,1,0,0,1
P462,0,1,1,1,0,0,1,1,0,1,1
P463,0,1,1,1,0,0,1,1,1,0,1
P464,0,1,1,1,0,0,1,1,1,1,1
P465,0,1,1,1,0,1,0,0,0,0,0
P466,0,1,1,1,0,1,0,0,0,1,1
P467,0,1,1,1,0,1,0,0,1,0,1
P468,0,1,1,1,0,1,0,0,1,1,1
P469,0,1,1,1,0,1,0,1,0,0,1
P470,0,1,1,1,0,1,0,1,0,1,1
P471,0,1,1,1,0,1,0,1,1,0,1
P472,0,1,1,1,0,1,0,1,1,1,1
P473,0,1,1,1,0,1,1,0,0,0,1
P474,0,1,1,1,0,1,1,0,0,1,1
P475,0,1,1,1,0,1,1,0,1,0,1
P476,0,1,1,1,0,1,1,0,1,1,1
P477,0,1,1,1,0,1,1,1,0,0,1
P478,0,1,1,1,0,1,1,1,0,1,1
P479,0,1,1,1,0,1,1,1,1,0,1
P480,0,1,1,1,0,1,1,1,1,1,1
P481,0,1,1,1,1,0,0,0,0,0,0
P482,0,1,1,1,1,0,0,0,0,1,1
P483,0,1,1,1,1,0,0,0,1,0,1
P484,0,1,1,1,1,0,0,0,1,1,1
P485,0,1,1,1,1,0,0,1,0,0,1
P486,0,1,1,1,1,0,0,1,0,1,1
P487,0,1,1,1,1,0,0,1,1,0,1
P488,0,1,1,1,1,0,0,1,1,1,1
P489,0,1,1,1,1,0,1,0,0,0,1
P490,0,1,1,1,1,0,1,0,0,1,1
P491,0,1,1,1,1,0,1,0,1,0,1
P492,0,1,1,1,1,0,1,0,1,1,1
P493,0,1,1,1,1,0,1,1,0,0,1
P494,0,1,1,1,1,0,1,1,0,1,1
P495,0,1,1,1,1,0,1,1,1,0,1
P496,0,1,1,1,1,0,1,1,1,1,1
P497,0,1,1,1,1,1,0,0,0,0,1
P498,0,1,1,1,1,1,0,0,0,1,1
P499,0,1,1,1,1,1,0,0,1,0,1
P500,0,1,1,1,1,1,0,0,1,1,1
P501,0,1,1,1,1,1,0,1,0,0,1
P502,0,1,1,1,1,1,0,1,0,1,1
P503,0,1,1,1,1,1,0,1,1,0,1
P504,0,1,1,1,1,1,0,1,1,1,1
P505,0,1,1,1,1,1,1,0,0,0,1
P506,0,1,1,1,1,1,1,0,0,1,1
P507,0,1,1,1,1,1,1,0,1,0,1
P508,0,1,1,1,1,1,1,0,1,1,1
P509,0,1,1,1,1,1,1,1,0,0,1
P510,0,1,1,1,1,1,1,1,0,1,1
P511,0,1,1,1,1,1,1,1,1,0,1
P512,0,1,1,1,1,1,1,1,1,1,1
P513,1,0,0,0,0,0,0,0,0,0,0
P514,1,0,0,0,0,0,0,0,0,1,0
P515,1,0,0,0,0,0,0,0,1,0,0
P516,1,0,0,0,0,0,0,0,1,1,0
P517,1,0,0,0,0,0,0,1,0,0,0
P518,1,0,0,0,0,0,0,1,0,1,0
P519,1,0,0,0,0,0,0,1,1,0,0
P520,1,0,0,0,0,0,0,1,1,1,0
P521,1,0,0,0,0,0,1,0,0,0,0
P522,1,0,0,0,0,0,1,0,0,1,0
P523,1,0,0,0,0,0,1,0,1,0,0
P524,1,0,0,0,0,0,1,0,1,1,0
P525,1,0,0,0,0,0,1,1,0,0,0
P526,1,0,0,0,0,0,1,1,0,1,0
P527,1,0,0,0,0,0,1,1,1,0,0
P528,1,0,0,0,0,0,1,1,1,1,1
P529,1,0,0,0,0,1,0,0,0,0,0
P530,1,0,0,0,0,1,0,0,0,1,0
P531,1,0,0,0,0,1,0,0,1,0,0
P532,1,0,0,0,0,1,0,0,1,1,0
P533,1,0,0,0,0,1,0,1,0,0,0
P534,1,0,0,0,0,1,0,1,0,1,0
P535,1,0,0,0,0,1,0,1,1,0,0
P536,1,0,0,0,0,1,0,1,1,1,1
P537,1,0,0,0,0,1,1,0,0,0,0
P538,1,0,0,0,0,1,1,0,0,1,0
P539,1,0,0,0,0,1,1,0,1,0,0
P540,1,0,0,0,0,1,1,0,1,1,1
P541,1,0,0,0,0,1,1,1,0,0,0
P542,1,0,0,0,0,1,1,1,0,1,1
P543,1,0,0,0,0,1,1,1,1,0,1
P544,1,0,0,0,0,1,1,1,1,1,1
P545,1,0,0,0,1,0,0,0,0,0,0
P546,1,0,0,0,1,0,0,0,0,1,0
P547,1,0,0,0,1,0,0,0,1,0,0
P548,1,0,0,0,1,0,0,0,1,1,0
P549,1,0,0,0,1,0,0,1,0,0,0
P550,1,0,0,0,1,0,0,1,0,1,0
P551,1,0,0,0,1,0,0,1,1,0,0
P552,1,0,0,0,1,0,0,1,1,1,1
P553,1,0,0,0,1,0,1,0,0,0,0
P554,1,0,0,0,1,0,1,0,0,1,0
P555,1,0,0,0,1,0,1,0,1,0,0
P556,1,0,0,0,1,0,1,0,1,1,1
P557,1,0,0,0,1,0,1,1,0,0,0
P558,1,0,0,0,1,0,1,1,0,1,1
P559,1,0,0,0,1,0,1,1,1,0,1
P560,1,0,0,0,1,0,1,1,1,1,1
P561,1,0,0,0,1,1,0,0,0,0,0
P562,1,0,0,0,1,1,0,0,0,1,0
P563,1,0,0,0,1,1,0,0,1,0,0
P564,1,0,0,0,1,1,0,0,1,1,1
P565,1,0,0,0,1,1,0,1,0,0,0
P566,1,0,0,0,1,1,0,1,0,1,1
P567,1,0,0,0,1,1,0,1,1,0,1
P568,1,0,0,0,1,1,0,1,1,1,1
P569,1,0,0,0,1,1,1,0,0,0,0
P570,1,0,0,0,1,1,1,0,0,1,1
P571,1,0,0,0,1,1,1,0,1,0,1
P572,1,0,0,0,1,1,1,0,1,1,1
P573,1,0,0,0,1,1,1,1,0,0,1
P574,1,0,0,0,1,1,1,1,0,1,1
P575,1,0,0,0,1,1,1,1,1,0,1
P576,1,0,0,0,1,1,1,1,1,1,1
P577,1,0,0,1,0,0,0,0,0,0,0
P578,1,0,0,1,0,0,0,0,0,1,0
P579,1,0,0,1,0,0,0,0,1,0,0
P580,1,0,0,1,0,0,0,0,1,1,0
P581,1,0,0,1,0,0,0,1,0,0,0
P582,1,0,0,1,0,0,0,1,0,1,0
P583,1,0,0,1,0,0,0,1,1,0,0
P584,1,0,0,1,0,0,0,1,1,1,1
P585,1,0,0,1,0,0,1,0,0,0,0
P586,1,0,0,1,0,0,1,0,0,1,0
P587,1,0,0,1,0,0,1,0,1,0,0
P588,1,0,0,1,0,0,1,0,1,1,1
P589,1,0,0,1,0,0,1,1,0,0,0
P590,1,0,0,1,0,0,1,1,0,1,1
P591,1,0,0,1,0,0,1,1,1,0,1
P592,1,0,0,1,0,0,1,1,1,1,1
P593,1,0,0,1,0,1,0,0,0,0,0
P594,1,0,0,1,0,1,0,0,0,1,0
P595,1,0,0,1,0,1,0,0,1,0,0
P596,1,0,0,1,0,1,0,0,1,1,1
P597,1,0,0,1,0,1,0,1,0,0,0
P598,1,0,0,1,0,1,0,1,0,1,1
P599,1,0,0,1,0,1,0,1,1,0,1
P600,1,0,0,1,0,1,0,1,1,1,1
P601,1,0,0,1,0,1,1,0,0,0,0
P602,1,0,0,1,0,1,1,0,0,1,1
P603,1,0,0,1,0,1,1,0,1,0,1
P604,1,0,0,1,0,1,1,0,1,1,1
P605,1,0,0,1,0,1,1,1,0,0,1
P606,1,0,0,1,0,1,1,1,0,1,1
P607,1,0,0,1,0,1,1,1,1,0,1
P608,1,0,0,1,0,1,1,1,1,1,1
P609,1,0,0,1,1,0,0,0,0,0,0
P610,1,0,0,1,1,0,0,0,0,1,0
P611,1,0,0,1,1,0,0,0,1,0,0
P612,1,0,0,1,1,0,0,0,1,1,1
P613,1,0,0,1,1,0,0,1,0,0,0
P614,1,0,0,1,1,0,0,1,0,1,1
P615,1,0,0,1,1,0,0,1,1,0,1
P616,1,0,0,1,1,0,0,1,1,1,1
P617,1,0,0,1,1,0,1,0,0,0,0
P618,1,0,0,1,1,0,1,0,0,1,1
P619,1,0,0,1,1,0,1,0,1,0,1
P620,1,0,0,1,1,0,1,0,1,1,1
P621,1,0,0,1,1,0,1,1,0,0,1
P622,1,0,0,1,1,0,1,1,0,1,1
P623,1,0,0,1,1,0,1,1,1,0,1
P624,1,0,0,1,1,0,1,1,1,1,1
P625,1,0,0,1,1,1,0,0,0,0,0
P626,1,0,0,1,1,1,0,0,0,1,1
P627,1,0,0,1,1,1,0,0,1,0,1
P628,1,0,0,1,1,1,0,0,1,1,1
P629,1,0,0,1,1,1,0,1,0,0,1
P630,1,0,0,1,1,1,0,1,0,1,1
P631,1,0,0,1,1,1,0,1,1,0,1
P632,1,0,0,1,1,1,0,1,1,1,1
P633,1,0,0,1,1,1,1,0,0,0,1
P634,1,0,0,1,1,1,1,0,0,1,1
P635,1,0,0,1,1,1,1,0,1,0,1
P636,1,0,0,1,1,1,1,0,1,1,1
P637,1,0,0,1,1,1,1,1,0,0,1
P638,1,0,0,1,1,1,1,1,0,1,1
P639,1,0,0,1,1,1,1,1,1,0,1
P640,1,0,0,1,1,1,1,1,1,1,1
P641,1,0,1,0,0,0,0,0,0,0,0
P642,1,0,1,0,0,0,0,0,0,1,0
P643,1,0,1,0,0,0,0,0,1,0,0
P644,1,0,1,0,0,0,0,0,1,1,0
P645,1,0,1,0,0,0,0,1,0,0,0
P646,1,0,1,0,0,0,0,1,0,1,0
P647,1,0,1,0,0,0,0,1,1,0,0
P648,1,0,1,0,0,0,0,1,1,1,1
P649,1,0,1,0,0,0,1,0,0,0,0
P650,1,0,1,0,0,0,1,0,0,1,0
P651,1,0,1,0,0,0,1,0,1,0,0
P652,1,0,1,0,0,0,1,0,1,1,1
P653,1,0,1,0,0,0,1,1,0,0,0
P654,1,0,1,0,0,0,1,1,0,1,1
P655,1,0,1,0,0,0,1,1,1,0,1
P656,1,0,1,0,0,0,1,1,1,1,1
P657,1,0,1,0,0,1,0,0,0,0,0
P658,1,0,1,0,0,1,0,0,0,1,0
P659,1,0,1,0,0,1,0,0,1,0,0
P660,1,0,1,0,0,1,0,0,1,1,1
P661,1,0,1,0,0,1,0,1,0,0,0
P662,1,0,1,0,0,1,0,1,0,1,1
P663,1,0,1,0,0,1,0,1,1,0,1
P664,1,0,1,0,0,1,0,1,1,1,1
P665,1,0,1,0,0,1,1,0,0,0,0
P666,1,0,1,0,0,1,1,0,0,1,1
P667,1,0,1,0,0,1,1,0,1,0,1
P668,1,0,1,0,0,1,1,0,1,1,1
P669,1,0,1,0,0,1,1,1,0,0,1
P670,1,0,1,0,0,1,1,1,0,1,1
P671,1,0,1,0,0,1,1,1,1,0,1
P672,1,0,1,0,0,1,1,1,1,1,1
P673,1,0,1,0,1,0,0,0,0,0,0
P674,1,0,1,0,1,0,0,0,0,1,0
P675,1,0,1,0,1,0,0,0,1,0,0
P676,1,0,1,0,1,0,0,0,1,1,1
P677,1,0,1,0,1,0,0,1,0,0,0
P678,1,0,1,0,1,0,0,1,0,1,1
P679,1,0,1,0,1,0,0,1,1,0,1
P680,1,0,1,0,1,0,0,1,1,1,1
P681,1,0,1,0,1,0,1,0,0,0,0
P682,1,0,1,0,1,0,1,0,0,1,1
P683,1,0,1,0,1,0,1,0,1,0,1
P684,1,0,1,0,1,0,1,0,1,1,1
P685,1,0,1,0,1,0,1,1,0,0,1
P686,1,0,1,0,1,0,1,1,0,1,1
P687,1,0,1,0,1,0,1,1,1,0,1
P688,1,0,1,0,1,0,1,1,1,1,1
P689,1,0,1,0,1,1,0,0,0,0,0
P690,1,0,1,0,1,1,0,0,0,1,1
P691,1,0,1,0,1,1,0,0,1,0,1
P692,1,0,1,0,1,1,0,0,1,1,1
P693,1,0,1,0,1,1,0,1,0,0,1
P694,1,0,1,0,1,1,0,1,0,1,1
P695,1,0,1,0,1,1,0,1,1,0,1
P696,1,0,1,0,1,1,0,1,1,1,1
P697,1,0,1,0,1,1,1,0,0,0,1
P698,1,0,1,0,1,1,1,0,0,1,1
P699,1,0,1,0,1,1,1,0,1,0,1
P700,1,0,1,0,1,1,1,0,1,1,1
P701,1,0,1,0,1,1,1,1,0,0,1
P702,1,0,1,0,1,1,1,1,0,1,1
P703,1,0,1,0,1,1,1,1,1,0,1
P704,1,0,1,0,1,1,1,1,1,1,1
P705,1,0,1,1,0,0,0,0,0,0,0
P706,1,0,1,1,0,0,0,0,0,1,0
P707,1,0,1,1,0,0,0,0,1,0,0
P708,1,0,1,1,0,0,0,0,1,1,1
P709,1,0,1,1,0,0,0,1,0,0,0
P710,1,0,1,1,0,0,0,1,0,1,1
P711,1,0,1,1,0,0,0,1,1,0,1
P712,1,0,1,1,0,0,0,1,1,1,1
P713,1,0,1,1,0,0,1,0,0,0,0
P714,1,0,1,1,0,0,1,0,0,1,1
P715,1,0,1,1,0,0,1,0,1,0,1
P716,1,0,1,1,0,0,1,0,1,1,1
P717,1,0,1,1,0,0,1,1,0,0,1
P718,1,0,1,1,0,0,1,1,0,1,1
P719,1,0,1,1,0,0,1,1,1,0,1
P720,1,0,1,1,0,0,1,1,1,1,1
P721,1,0,1,1,0,1,0,0,0,0,0
P722,1,0,1,1,0,1,0,0,0,1,1
P723,1,0,1,1,0,1,0,0,1,0,1
P724,1,0,1,1,0,1,0,0,1,1,1
P725,1,0,1,1,0,1,0,1,0,0,1
P726,1,0,1,1,0,1,0,1,0,1,1
P727,1,0,1,1,0,1,0,1,1,0,1
P728,1,0,1,1,0,1,0,1,1,1,1
P729,1,0,1,1,0,1,1,0,0,0,1
P730,1,0,1,1,0,1,1,0,0,1,1
P731,1,0,1,1,0,1,1,0,1,0,1
P732,1,0,1,1,0,1,1,0,1,1,1
P733,1,0,1,1,0,1,1,1,0,0,1
P734,1,0,1,1,0,1,1,1,0,1,1
P735,1,0,1,1,0,1,1,1,1,0,1
P736,1,0,1,1,0,1,1,1,1,1,1
P737,1,0,1,1,1,0,0,0,0,0,0
P738,1,0,1,1,1,0,0,0,0,1,1
P739,1,0,1,1,1,0,0,0,1,0,1
P740,1,0,1,1,1,0,0,0,1,1,1
P741,1,0,1,1,1,0,0,1,0,0,1
P742,1,0,1,1,1,0,0,1,0,1,1
P743,1,0,1,1,1,0,0,1,1,0,1
P744,1,0,1,1,1,0,0,1,1,1,1
P745,1,0,1,1,1,0,1,0,0,0,1
P746,1,0,1,1,1,0,1,0,0,1,1
P747,1,0,1,1,1,0,1,0,1,0,1
P748,1,0,1,1,1,0,1,0,1,1,1
P749,1,0,1,1,1,0,1,1,0,0,1
P750,1,0,1,1,1,0,1,1,0,1,1
P751,1,0,1,1,1,0,1,1,1,0,1
P752,1,0,1,1,1,0,1,1,1,1,1
P753,1,0,1,1,1,1,0,0,0,0,1
P754,1,0,1,1,1,1,0,0,0,1,1
P755,1,0,1,1,1,1,0,0,1,0,1
P756,1,0,1,1,1,1,0,0,1,1,1
P757,1,0,1,1,1,1,0,1,0,0,1
P758,1,0,1,1,1,1,0,1,0,1,1
P759,1,0,1,1,1,1,0,1,1,0,1
P760,1,0,1,1,1,1,0,1,1,1,1
P761,1,0,1,1,1,1,1,0,0,0,1
P762,1,0,1,1,1,1,1,0,0,1,1
P763,1,0,1,1,1,1,1,0,1,0,1
P764,1,0,1,1,1,1,1,0,1,1,1
P765,1,0,1,1,1,1,1,1,0,0,1
P766,1,0,1,1,1,1,1,1,0,1,1
P767,1,0,1,1,1,1,1,1,1,0,1
P768,1,0,1,1,1,1,1,1,1,1,1
P769,1,1,0,0,0,0,0,0,0,0,0
P770,1,1,0,0,0,0,0,0,0,1,0
P771,1,1,0,0,0,0,0,0,1,0,0
P772,1,1,0,0,0,0,0,0,1,1,0
P773,1,1,0,0,0,0,0,1,0,0,0
P774,1,1,0,0,0,0,0,1,0,1,0
P775,1,1,0,0,0,0,0,1,1,0,0
P776,1,1,0,0,0,0,0,1,1,1,1
P777,1,1,0,0,0,0,1,0,0,0,0
P778,1,1,0,0,0,0,1,0,0,1,0
P779,1,1,0,0,0,0,1,0,1,0,0
P780,1,1,0,0,0,0,1,0,1,1,1
P781,1,1,0,0,0,0,1,1,0,0,0
P782,1,1,0,0,0,0,1,1,0,1,1
P783,1,1,0,0,0,0,1,1,1,0,1
P784,1,1,0,0,0,0,1,1,1,1,1
P785,1,1,0,0,0,1,0,0,0,0,0
P786,1,1,0,0,0,1,0,0,0,1,0
P787,1,1,0,0,0,1,0,0,1,0,0
P788,1,1,0,0,0,1,0,0,1,1,1
P789,1,1,0,0,0,1,0,1,0,0,0
P790,1,1,0,0,0,1,0,1,0,1,1
P791,1,1,0,0,0,1,0,1,1,0,1
P792,1,1,0,0,0,1,0,1,1,1,1
P793,1,1,0,0,0,1,1,0,0,0,0
P794,1,1,0,0,0,1,1,0,0,1,1
P795,1,1,0,0,0,1,1,0,1,0,1
P796,1,1,0,0,0,1,1,0,1,1,1
P797,1,1,0,0,0,1,1,1,0,0,1
P798,1,1,0,0,0,1,1,1,0,1,1
P799,1,1,0,0,0,1,1,1,1,0,1
P800,1,1,0,0,0,1,1,1,1,1,1
P801,1,1,0,0,1,0,0,0,0,0,0
P802,1,1,0,0,1,0,0,0,0,1,0
P803,1,1,0,0,1,0,0,0,1,0,0
P804,1,1,0,0,1,0,0,0,1,1,1
P805,1,1,0,0,1,0,0,1,0,0,0
P806,1,1,0,0,1,0,0,1,0,1,1
P807,1,1,0,0,1,0,0,1,1,0,1
P808,1,1,0,0,1,0,0,1,1,1,1
P809,1,1,0,0,1,0,1,0,0,0,0
P810,1,1,0,0,1,0,1,0,0,1,1
P811,1,1,0,0,1,0,1,0,1,0,1
P812,1,1,0,0,1,0,1,0,1,1,1
P813,1,1,0,0,1,0,1,1,0,0,1
P814,1,1,0,0,1,0,1,1,0,1,1
P815,1,1,0,0,1,0,1,1,1,0,1
P816,1,1,0,0,1,0,1,1,1,1,1
P817,1,1,0,0,1,1,0,0,0,0,0
P818,1,1,0,0,1,1,0,0,0,1,1
P819,1,1,0,0,1,1,0,0,1,0,1
P820,1,1,0,0,1,1,0,0,1,1,1
P821,1,1,0,0,1,1,0,1,0,0,1
P822,1,1,0,0,1,1,0,1,0,1,1
P823,1,1,0,0,1,1,0,1,1,0,1
P824,1,1,0,0,1,1,0,1,1,1,1
P825,1,1,0,0,1,1,1,0,0,0,1
P826,1,1,0,0,1,1,1,0,0,1,1
P827,1,1,0,0,1,1,1,0,1,0,1
P828,1,1,0,0,1,1,1,0,1,1,1
P829,1,1,0,0,1,1,1,1,0,0,1
P830,1,1,0,0,1,1,1,1,0,1,1
P831,1,1,0,0,1,1,1,1,1,0,1
P832,1,1,0,0,1,1,1,1,1,1,1
P833,1,1,0,1,0,0,0,0,0,0,0
P834,1,1,0,1,0,0,0,0,0,1,0
P835,1,1,0,1,0,0,0,0,1,0,0
P836,1,1,0,1,0,0,0,0,1,1,1
P837,1,1,0,1,0,0,0,1,0,0,0
P838,1,1,0,1,0,0,0,1,0,1,1
P839,1,1,0,1,0,0,0,1,1,0,1
P840,1,1,0,1,0,0,0,1,1,1,1
P841,1,1,0,1,0,0,1,0,0,0,0
P842,1,1,0,1,0,0,1,0,0,1,1
P843,1,1,0,1,0,0,1,0,1,0,1
P844,1,1,0,1,0,0,1,0,1,1,1
P845,1,1,0,1,0,0,1,1,0,0,1
P846,1,1,0,1,0,0,1,1,0,1,1
P847,1,1,0,1,0,0,1,1,1,0,1
P848,1,1,0,1,0,0,1,1,1,1,1
P849,1,1,0,1,0,1,0,0,0,0,0
P850,1,1,0,1,0,1,0,0,0,1,1
P851,1,1,0,1,0,1,0,0,1,0,1
P852,1,1,0,1,0,1,0,0,1,1,1
P853,1,1,0,1,0,1,0,1,0,0,1
P854,1,1,0,1,0,1,0,1,0,1,1
P855,1,1,0,1,0,1,0,1,1,0,1
P856,1,1,0,1,0,1,0,1,1,1,1
P857,1,1,0,1,0,1,1,0,0,0,1
P858,1,1,0,1,0,1,1,0,0,1,1
P859,1,1,0,1,0,1,1,0,1,0,1
P860,1,1,0,1,0,1,1,0,1,1,1
P861,1,1,0,1,0,1,1,1,0,0,1
P862,1,1,0,1,0,1,1,1,0,1,1
P863,1,1,0,1,0,1,1,1,1,0,1
P864,1,1,0,1,0,1,1,1,1,1,1
P865,1,1,0,1,1,0,0,0,0,0,0
P866,1,1,0,1,1,0,0,0,0,1,1
P867,1,1,0,1,1,0,0,0,1,0,1
P868,1,1,0,1,1,0,0,0,1,1,1
P869,1,1,0,1,1,0,0,1,0,0,1
P870,1,1,0,1,1,0,0,1,0,1,1
P871,1,1,0,1,1,0,0,1,1,0,1
P872,1,1,0,1,1,0,0,1,1,1,1
P873,1,1,0,1,1,0,1,0,0,0,1
P874,1,1,0,1,1,0,1,0,0,1,1
P875,1,1,0,1,1,0,1,0,1,0,1
P876,1,1,0,1,1,0,1,0,1,1,1
P877,1,1,0,1,1,0,1,1,0,0,1
P878,1,1,0,1,1,0,1,1,0,1,1
P879,1,1,0,1,1,0,1,1,1,0,1
P880,1,1,0,1,1,0,1,1,1,1,1
P881,1,1,0,1,1,1,0,0,0,0,1
P882,1,1,0,1,1,1,0,0,0,1,1
P883,1,1,0,1,1,1,0,0,1,0,1
P884,1,1,0,1,1,1,0,0,1,1,1
P885,1,1,0,1,1,1,0,1,0,0,1
P886,1,1,0,1,1,1,0,1,0,1,1
P887,1,1,0,1,1,1,0,1,1,0,1
P888,1,1,0,1,1,1,0,1,1,1,1
P889,1,1,0,1,1,1,1,0,0,0,1
P890,1,1,0,1,1,1,1,0,0,1,1
P891,1,1,0,1,1,1,1,0,1,0,1
P892,1,1,0,1,1,1,1,0,1,1,1
P893,1,1,0,1,1,1,1,1,0,0,1
P894,1,1,0,1,1,1,1,1,0,1,1
P895,1,1,0,1,1,1,1,1,1,0,1
P896,1,1,0,1,1,1,1,1,1,1,1
P897,1,1,1,0,0,0,0,0,0,0,0
P898,1,1,1,0,0,0,0,0,0,1,0
P899,1,1,1,0,0,0,0,0,1,0,0
P900,1,1,1,0,0,0,0,0,1,1,1
P901,1,1,1,0,0,0,0,1,0,0,0
P902,1,1,1,0,0,0,0,1,0,1,1
P903,1,1,1,0,0,0,0,1,1,0,1
P904,1,1,1,0,0,0,0,1,1,1,1
P905,1,1,1,0,0,0,1,0,0,0,0
P906,1,1,1,0,0,0,1,0,0,1,1
P907,1,1,1,0,0,0,1,0,1,0,1
P908,1,1,1,0,0,0,1,0,1,1,1
P909,1,1,1,0,0,0,1,1,0,0,1
P910,1,1,1,0,0,0,1,1,0,1,1
P911,1,1,1,0,0,0,1,1,1,0,1
P912,1,1,1,0,0,0,1,1,1,1,1
P913,1,1,1,0,0,1,0,0,0,0,0
P914,1,1,1,0,0,1,0,0,0,1,1
P915,1,1,1,0,0,1,0,0,1,0,1
P916,1,1,1,0,0,1,0,0,1,1,1
P917,1,1,1,0,0,1,0,1,0,0,1
P918,1,1,1,0,0,1,0,1,0,1,1
P919,1,1,1,0,0,1,0,1,1,0,1
P920,1,1,1,0,0,1,0,1,1,1,1
P921,1,1,1,0,0,1,1,0,0,0,1
P922,1,1,1,0,0,1,1,0,0,1,1
P923,1,1,1,0,0,1,1,0,1,0,1
P924,1,1,1,0,0,1,1,0,1,1,1
P925,1,1,1,0,0,1,1,1,0,0,1
P926,1,1,1,0,0,1,1,1,0,1,1
P927,1,1,1,0,0,1,1,1,1,0,1
P928,1,1,1,0,0,1,1,1,1,1,1
P929,1,1,1,0,1,0,0,0,0,0,0
P930,1,1,1,0,1,0,0,0,0,1,1
P931,1,1,1,0,1,0,0,0,1,0,1
P932,1,1,1,0,1,0,0,0,1,1,1
P933,1,1,1,0,1,0,0,1,0,0,1
P934,1,1,1,0,1,0,0,1,0,1,1
P935,1,1,1,0,1,0,0,1,1,0,1
P936,1,1,1,0,1,0,0,1,1,1,1
P937,1,1,1,0,1,0,1,0,0,0,1
P938,1,1,1,0,1,0,1,0,0,1,1
P939,1,1,1,0,1,0,1,0,1,0,1
P940,1,1,1,0,1,0,1,0,1,1,1
P941,1,1,1,0,1,0,1,1,0,0,1
P942,1,1,1,0,1,0,1,1,0,1,1
P943,1,1,1,0,1,0,1,1,1,0,1
P944,1,1,1,0,1,0,1,1,1,1,1
P945,1,1,1,0,1,1,0,0,0,0,1
P946,1,1,1,0,1,1,0,0,0,1,1
P947,1,1,1,0,1,1,0,0,1,0,1
P948,1,1,1,0,1,1,0,0,1,1,1
P949,1,1,1,0,1,1,0,1,0,0,1
P950,1,1,1,0,1,1,0,1,0,1,1
P951,1,1,1,0,1,1,0,1,1,0,1
P952,1,1,1,0,1,1,0,1,1,1,1
P953,1,1,1,0,1,1,1,0,0,0,1
P954,1,1,1,0,1,1,1,0,0,1,1
P955,1,1,1,0,1,1,1,0,1,0,1
P956,1,1,1,0,1,1,1,0,1,1,1
P957,1,1,1,0,1,1,1,1,0,0,1
P958,1,1,1,0,1,1,1,1,0,1,1
P959,1,1,1,0,1,1,1,1,1,0,1
P960,1,1,1,0,1,1,1,1,1,1,1
P961,1,1,1,1,0,0,0,0,0,0,0
P962,1,1,1,1,0,0,0,0,0,1,1
P963,1,1,1,1,0,0,0,0,1,0,1
P964,1,1,1,1,0,0,0,0,1,1,1
P965,1,1,1,1,0,0,0,1,0,0,1
P966,1,1,1,1,0,0,0,1,0,1,1
P967,1,1,1,1,0,0,0,1,1,0,1
P968,1,1,1,1,0,0,0,1,1,1,1
P969,1,1,1,1,0,0,1,0,0,0,1
P970,1,1,1,1,0,0,1,0,0,1,1
P971,1,1,1,1,0,0,1,0,1,0,1
P972,1,1,1,1,0,0,1,0,1,1,1
P973,1,1,1,1,0,0,1,1,0,0,1
P974,1,1,1,1,0,0,1,1,0,1,1
P975,1,1,1,1,0,0,1,1,1,0,1
P976,1,1,1,1,0,0,1,1,1,1,1
P977,1,1,1,1,0,1,0,0,0,0,1
P978,1,1,1,1,0,1,0,0,0,1,1
P979,1,1,1,1,0,1,0,0,1,0,1
P980,1,1,1,1,0,1,0,0,1,1,1
P981,1,1,1,1,0,1,0,1,0,0,1
P982,1,1,1,1,0,1,0,1,0,1,1
P983,1,1,1,1,0,1,0,1,1,0,1
P984,1,1,1,1,0,1,0,1,1,1,1
P985,1,1,1,1,0,1,1,0,0,0,1
P986,1,1,1,1,0,1,1,0,0,1,1
P987,1,1,1,1,0,1,1,0,1,0,1
P988,1,1,1,1,0,1,1,0,1,1,1
P989,1,1,1,1,0,1,1,1,0,0,1
P990,1,1,1,1,0,1,1,1,0,1,1
P991,1,1,1,1,0,1,1,1,1,0,1
P992,1,1,1,1,0,1,1,1,1,1,1
P993,1,1,1,1,1,0,0,0,0,0,1
P994,1,1,1,1,1,0,0,0,0,1,1
P995,1,1,1,1,1,0,0,0,1,0,1
P996,1,1,1,1,1,0,0,0,1,1,1
P997,1,1,1,1,1,0,0,1,0,0,1
P998,1,1,1,1,1,0,0,1,0,1,1
P999,1,1,1,1,1,0,0,1,1,0,1
P1000,1,1,1,1,1,0,0,1,1,1,1
P1001,1,1,1,1,1,0,1,0,0,0,1
P1002,1,1,1,1,1,0,1,0,0,1,1
P1003,1,1,1,1,1,0,1,0,1,0,1
P1004,1,1,1,1,1,0,1,0,1,1,1
P1005,1,1,1,1,1,0,1,1,0,0,1
P1006,1,1,1,1,1,0,1,1,0,1,1
P1007,1,1,1,1,1,0,1,1,1,0,1
P1008,1,1,1,1,1,0,1,1,1,1,1
P1009,1,1,1,1,1,1,0,0,0,0,1
P1010,1,1,1,1,1,1,0,0,0,1,1
P1011,1,1,1,1,1,1,0,0,1,0,1
P1012,1,1,1,1,1,1,0,0,1,1,1
P1013,1,1,1,1,1,1,0,1,0,0,1
P1014,1,1,1,1,1,1,0,1,0,1,1
P1015,1,1,1,1,1,1,0,1,1,0,1
P1016,1,1,1,1,1,1,0,1,1,1,1
P1017,1,1,1,1,1,1,1,0,0,0,1
P1018,1,1,1,1,1,1,1,0,0,1,1
P1019,1,1,1,1,1,1,1,0,1,0,1
P1020,1,1,1,1,1,1,1,0,1,1,1
P1021,1,1,1,1,1,1,1,1,0,0,1
P1022,1,1,1,1,1,1,1,1,0,1,1
P1023,1,1,1,1,1,1,1,1,1,0,1
P1024,1,1,1,1,1,1,1,1,1,1,1
